{

    
    "main": [
        {
            "category": "people",
            "list": [
                "1st",
                "2nd",
                "3rd+",
                "Actively hiring"
            ],
            "selection": "see all people results"
        },
        {
            "category": "job",
            "list": [
                "Remote",
                "Easy Apply",
                "Top Applicant",
                "10 Applicants"
            ],
            "selection": "see all job results in pakistan"
        },
        {
            "category": "Companies",
            "list": [],
            "selection": "see all company results"
        },
        {
            "category": "Products",
            "list": [],
            "selection": "see all product results"
        }
    ],
    "info": [
        {
            "category": "people",
            "image": "https://futureoflife.org/wp-content/uploads/2020/08/elon_musk_royal_society.jpg",
            "name": "Elon Musk",
            "position": "2nd",
            "expertise": [
                "software Engineer",
                "Full stack developer",
                "Cloud computing"
            ],
            "city": "Islamabad,Pakistan",
            "mutuals": [
                "Mukhtar",
                "Ali",
                "Abullah",
                "and other mutal connections"
            ],
            "button":"Connect"
        },
        {
            "category": "people",
            "image": "https://pbs.twimg.com/profile_images/1674815862879178752/nTGMV1Eo_400x400.jpg",
            "name": "Bill Gates",
            "position": "2nd",
            "expertise": [
                "software Engineer",
                "Full stack developer",
                "Cloud computing"
            ],
            "city": "Islamabad,Pakistan",
            "mutuals": [
                "Mukhtar",
                "Ali",
                "Abullah",
                "and other mutal connections"
            ],
            "button":"Connect"
        },
        {
            "category": "people",
            "image": "https://encrypted-tbn0.gstatic.com/images?q=tbn:ANd9GcTza1mG69LTfByDZwUHarw1ebNUqAr4TSvYkA&s",
            "name": "Markzukerberg khattak",
            "position": "2nd",
            "expertise": [
                "software Engineer",
                "Full stack developer",
                "Cloud computing"
            ],
            "city": "Islamabad,Pakistan",
            "mutuals": [
                "Mukhtar",
                "Ali",
                "Abullah",
                "and other mutal connections"
            ],
            "button":"Connect"
        },
        {
            "category": "Companies",
            "image": "https://encrypted-tbn0.gstatic.com/images?q=tbn:ANd9GcRjPYFxDUmRV2i6auGSuBiiTZgJWT4yPCbwgg&s",
            "name": "Cloud Computing",
            "service": "IT Services and IT Consulting.Chandler,AZ",
            "follower": "303k followers",
            "description": "perspective of experts about the questions that matters in Cloud Computing",
            "page": "page by linkedIn Skill Pages",
            "button":"Follow"
        },
        {
            "category": "Companies",
            "image": "https://pbs.twimg.com/profile_images/1704525466651033600/lSj99dbT_400x400.jpg",
            "name": "Zenith Innovations",
            "service": "IT Services and IT Consulting.Chandler,AZ",
            "follower": "303k followers",
            "description": "Cloud Computing Technologies(SDVOSB),20+ Yrs in business,180+ DoD/Federal contracts awarded,AWS GovCloud",
            "page": "3 jobs",
            "button":"Follow"
        },
        {
            "category": "Companies",
            "image": "https://images.crunchbase.com/image/upload/c_pad,h_256,w_256,f_auto,q_auto:eco,dpr_1/dff35374100e736cb03c",
            "name": "Devsinc",
            "service": "IT Services and IT Consulting.Chandler,AZ",
            "follower": "303k followers",
            "description": "Helping Learners Upskill in Cloud Computing technologies (AWS,GCP,Azure)",
            "button":"Follow"
        },
        {
            "category": "job",
            "image": "https://encrypted-tbn0.gstatic.com/images?q=tbn:ANd9GcQkFOJdo9lopDUdtnsEDUnxLOZOZ0a7QZctpw&s",
            "name": "FrontEnd Developer",
            "service": "Dev,Partners",
            "city": "Pakistan(Remote)",
            "Recuitment": "Actively Recruiting",
            "apply": "1 month ago",
            "button":"Save"
        },
        {
            "category": "job",
            "image": "https://raw.githubusercontent.com/github/explore/80688e429a7d4ef2fca1e82350fe8e3517d3494d/topics/dotnet/dotnet.png",
            "name": "Lead Dot Net Developer - Remote",
            "service": "NXT LABS",
            "city": "Pakistan(Remote)",
            "Recuitment": "Actively Recruiting",
            "apply": "2 days ago",
            "button":"Save"
        },
        {
            "category": "job",
            "image": "https://r2.erweima.ai/imgcompressed/compressed_00af52e3eff1659d1ef65fa74caf598e.webp",
            "name": "Software Engineer",
            "service": "IT consult",
            "city": "Pakistan(Remote)",
            "Recuitment": "Actively Recruiting",
            "apply": "2 days ago",
            "button":"Save"
        },
        {
            "category": "Products",
            "image": "https://encrypted-tbn0.gstatic.com/images?q=tbn:ANd9GcSUy7bHw5p3mwQzheg1fAd1eY0uNTXBt2kzNA&s",
            "name": "Cisco+ Hybrid Cloud",
            "service": "Enterprise Cloud Platforms by Cisco",
            "description": "Cisco+ Hybrid Cloud invites you to experience a new way to manage hybrid cloud with a simplified consumption...",
            "button":"View page"
        },
        {
            "category": "Products",
            "image": "https://avatars.slack-edge.com/2019-06-04/654730471380_7818728cd67608896caa_512.png",
            "name": "Workday",
            "service": "Enterprise Cloud Platforms by Workday",
            "description": "Move beyond ERP, leave the limitations of legacy vendors behind with Workday Enterprise Management Cloud...",
            "button":"View page"
        },
        {
            "category": "Products",
            "image": "https://encrypted-tbn0.gstatic.com/images?q=tbn:ANd9GcTNAZEuEfBGcLkz4X6FF7IsgQf4CvTaMdcACg&s",
            "name": "APEX Hybrid Cloud",
            "service": "Enterprise Cloud Platforms by DELL Technologies",
            "description": "APEX Hybrid Cloud accelerates your enterprise cloud adoption by combining the security and control of private cloud with it...",
            "button":"View page"
        }
        
        
    ]
}
